{"timestamp": "2018-01-01", "averageSaleRate": 17.0, "alpha_desiredExpenditure": 4.5, "beta_desiredExpenditure": 0.08, "alpha_expected_HP_Appreciation": 0.5, "tau_annual_CostofRenting": 0.091666667, "beta_logisticParam": 0.00029, "beta_logisticParam_buy_BTL": 50.0, "alpha_prob_sell": 4.0, "beta_prob_sell": 5.0, "alpha_sell_price": 0.048063918, "beta_sell_price": 0.007318157, "zeta_sell_price": 0.046754984, "alpha_monthly_rental": 0.0, "beta_monthly_rental": 0.0, "zeta_monthly_rental": 0.032258065, "beta_logisticParam_sell_BTL": 50.0, "delta_trendFollowers": 50.0, "delta_sell_BTL": 90.0, "LTV_limit": 0.9, "DTI_limit": 5.6, "bankRate": 0.01, "inflationRate": 0.000583333, "sell_price_shock": 0.1, "CPI": 100.0, "mortgage_interest_rate_spread": 0.02, "nbHouseholds": 3224012.0, "incomeparams_1": 9013.081109, "incomeparams_2": 21817.8454, "rentparams_1": 875.0, "rentparams_2": 197.9770318, "soldpriceparams_1": 30000.0, "soldpriceparams_2": 324541.4077, "soldpriceparams_3": 103267.418, "daysonmarketparams_1": 267.7505238, "daysonmarketparams_2": -0.80312832, "daysonmarketparams_3": -18.2718938, "daysonmarketparams_4": 22.26104011, "housepriceupperbound_intercept": 0.0, "housepriceupperbound_slope": 57500.0, "rentyields_1": 0.041259753, "rentyields_2": 0.042451683, "housequalityparams_1": 7.048709209, "housequalityparams_2": 2.241166041, "expenditureparams_1": 0.0, "expenditureparams_2": 0.772, "salesdropparam": 0.153561182, "rentupperbound_loc": 7.048709209, "rentupperbound_scale": 2.241166041, "ratespreadparams_owner_t1": 0.0, "ratespreadparams_owner_t6": 1.0, "ratespreadparams_owner_t7": 0.78140192, "ratespreadparams_owner_t8": 0.008353337, "ratespreadparams_owner_t9": 0.009322831, "ratespreadparams_btl_t1": 0.0, "ratespreadparams_btl_t2": 0.0, "ratespreadparams_btl_t6": 1.0, "ratespreadparams_btl_t7": 0.346954274, "ratespreadparams_btl_t8": 0.008418315, "ratespreadparams_btl_t9": 0.007644176, "wealthparams_t1": 0.9, "wealthparams_t2": 0.113905, "wealthparams_t3": 194685.6, "wealthparams_t4": 1.671783, "wealthparams_t5": 1722963.0, "wealthparams_t6": 2560194.0, "wealthparams_t7": 0.291539, "downpaymentparams_1": 0.0, "downpaymentparams_2": 1.0, "downpaymentparams_3": 1.90582903, "downpaymentparams_4": 1.351727225, "avgsoldpriceparams_1": 0.0, "avgsoldpriceparams_2": 57500.0, "rtiparams_1": 0.266222962, "rtiparams_2": 0.021526223, "msaID": -1.0}