{"timestamp": "2018-01-01", "averageSaleRate": 17.0, "alpha_desiredExpenditure": 4.5, "beta_desiredExpenditure": 0.08, "alpha_expected_HP_Appreciation": 0.5, "tau_annual_CostofRenting": 0.091666667, "beta_logisticParam": 0.00029, "beta_logisticParam_buy_BTL": 50.0, "alpha_prob_sell": 4.0, "beta_prob_sell": 5.0, "alpha_sell_price": 0.048063918, "beta_sell_price": 0.007318157, "zeta_sell_price": 0.046754984, "alpha_monthly_rental": 0.0, "beta_monthly_rental": 0.0, "zeta_monthly_rental": 0.032258065, "beta_logisticParam_sell_BTL": 50.0, "delta_trendFollowers": 50.0, "delta_sell_BTL": 90.0, "LTV_limit": 0.9, "DTI_limit": 5.6, "bankRate": 0.01, "inflationRate": 0.000583333, "sell_price_shock": 0.1, "CPI": 100.0, "mortgage_interest_rate_spread": 0.02, "nbHouseholds": 2483530.0, "incomeparams_1": 10710.2446, "incomeparams_2": 18276.97132, "rentparams_1": 660.0, "rentparams_2": 111.5043053, "soldpriceparams_1": 30000.0, "soldpriceparams_2": 216777.3928, "soldpriceparams_3": 59915.58805, "daysonmarketparams_1": 267.7505238, "daysonmarketparams_2": -0.80312832, "daysonmarketparams_3": -18.2718938, "daysonmarketparams_4": 22.26104011, "housepriceupperbound_intercept": 0.0, "housepriceupperbound_slope": 45500.0, "rentyields_1": 0.042886023, "rentyields_2": 0.044787675, "housequalityparams_1": 6.142073948, "housequalityparams_2": 1.696840116, "expenditureparams_1": 0.0, "expenditureparams_2": 0.748, "salesdropparam": 0.153561182, "rentupperbound_loc": 6.142073948, "rentupperbound_scale": 1.696840116, "ratespreadparams_owner_t1": 0.0, "ratespreadparams_owner_t6": 1.0, "ratespreadparams_owner_t7": 0.78140192, "ratespreadparams_owner_t8": 0.008353337, "ratespreadparams_owner_t9": 0.009322831, "ratespreadparams_btl_t1": 0.0, "ratespreadparams_btl_t2": 0.0, "ratespreadparams_btl_t6": 1.0, "ratespreadparams_btl_t7": 0.346954274, "ratespreadparams_btl_t8": 0.008418315, "ratespreadparams_btl_t9": 0.007644176, "wealthparams_t1": 0.9, "wealthparams_t2": 0.291646756, "wealthparams_t3": 128339.0454, "wealthparams_t4": 1.673015845, "wealthparams_t5": 1132184.305, "wealthparams_t6": 1688043.239, "wealthparams_t7": 0.292790402, "downpaymentparams_1": 0.0, "downpaymentparams_2": 1.0, "downpaymentparams_3": 2.26374319, "downpaymentparams_4": 1.327343148, "avgsoldpriceparams_1": 0.0, "avgsoldpriceparams_2": 45500.0, "rtiparams_1": 0.219298246, "rtiparams_2": 0.029076935, "msaID": -1.0}