{"timestamp": "2018-01-01", "averageSaleRate": 17.0, "alpha_desiredExpenditure": 4.5, "beta_desiredExpenditure": 0.08, "alpha_expected_HP_Appreciation": 0.5, "tau_annual_CostofRenting": 0.0916667, "beta_logisticParam": 0.00029, "beta_logisticParam_buy_BTL": 50.0, "alpha_prob_sell": 4.0, "beta_prob_sell": 5.0, "alpha_sell_price": 0.048063918, "beta_sell_price": 0.007318157, "zeta_sell_price": 0.046754984, "alpha_monthly_rental": 0.0, "beta_monthly_rental": 0.0, "zeta_monthly_rental": 0.0322581, "beta_logisticParam_sell_BTL": 50.0, "delta_trendFollowers": 50.0, "delta_sell_BTL": 90.0, "LTV_limit": 0.9, "DTI_limit": 5.6, "bankRate": 0.01, "inflationRate": 0.0005833, "sell_price_shock": 0.1, "CPI": 100.0, "mortgage_interest_rate_spread": 0.02, "nbHouseholds": 4478311.0, "incomeparams_1": 13309.484, "incomeparams_2": 29245.35, "rentparams_1": 1475.0, "rentparams_2": 293.5521506, "soldpriceparams_1": 30000.0, "soldpriceparams_2": 499169.21, "soldpriceparams_3": 155162.86, "daysonmarketparams_1": 267.75052, "daysonmarketparams_2": -0.8031283, "daysonmarketparams_3": -18.271894, "daysonmarketparams_4": 22.26104, "housepriceupperbound_intercept": 0.0, "housepriceupperbound_slope": 292500.0, "rentyields_1": 0.042322763, "rentyields_2": 0.042753035, "housequalityparams_1": 2.0288148, "housequalityparams_2": 0.6122521, "expenditureparams_1": 0.0, "expenditureparams_2": 0.774, "salesdropparam": 0.1535612, "rentupperbound_loc": 2.0288148, "rentupperbound_scale": 0.6122521, "ratespreadparams_owner_t1": 0.0, "ratespreadparams_owner_t6": 1.0, "ratespreadparams_owner_t7": 0.7814019, "ratespreadparams_owner_t8": 0.0083533, "ratespreadparams_owner_t9": 0.0093228, "ratespreadparams_btl_t1": 0.0, "ratespreadparams_btl_t2": 0.0, "ratespreadparams_btl_t6": 1.0, "ratespreadparams_btl_t7": 0.3469543, "ratespreadparams_btl_t8": 0.0084183, "ratespreadparams_btl_t9": 0.0076442, "wealthparams_t1": 0.9, "wealthparams_t2": 0.093121, "wealthparams_t3": 165531.2, "wealthparams_t4": 1.676284, "wealthparams_t5": 1469027.0, "wealthparams_t6": 2184626.0, "wealthparams_t7": 0.291833, "downpaymentparams_1": 0.0, "downpaymentparams_2": 1.0, "downpaymentparams_3": 1.916311, "downpaymentparams_4": 1.4780728, "avgsoldpriceparams_1": 0.0, "avgsoldpriceparams_2": 292500.0, "rtiparams_1": 0.3977747, "rtiparams_2": 0.0164492, "msaID": -1.0}