{"timestamp": "2018-01-01", "averageSaleRate": 17.0, "alpha_desiredExpenditure": 4.5, "beta_desiredExpenditure": 0.08, "alpha_expected_HP_Appreciation": 0.5, "tau_annual_CostofRenting": 0.0916667, "beta_logisticParam": 0.00029, "beta_logisticParam_buy_BTL": 50.0, "alpha_prob_sell": 4.0, "beta_prob_sell": 5.0, "alpha_sell_price": 0.048063918, "beta_sell_price": 0.007318157, "zeta_sell_price": 0.046754984, "alpha_monthly_rental": 0.0, "beta_monthly_rental": 0.0, "zeta_monthly_rental": 0.0322581, "beta_logisticParam_sell_BTL": 50.0, "delta_trendFollowers": 50.0, "delta_sell_BTL": 90.0, "LTV_limit": 0.9, "DTI_limit": 5.6, "bankRate": 0.01, "inflationRate": 0.0005833, "sell_price_shock": 0.1, "CPI": 100.0, "mortgage_interest_rate_spread": 0.02, "nbHouseholds": 3624299.0, "incomeparams_1": 9325.23, "incomeparams_2": 18654.641, "rentparams_1": 635.0, "rentparams_2": 127.4334917, "soldpriceparams_1": 30000.0, "soldpriceparams_2": 193250.15, "soldpriceparams_3": 64429.241, "daysonmarketparams_1": 267.75052, "daysonmarketparams_2": -0.8031283, "daysonmarketparams_3": -18.271894, "daysonmarketparams_4": 22.26104, "housepriceupperbound_intercept": 0.0, "housepriceupperbound_slope": 60000.0, "rentyields_1": 0.045758356, "rentyields_2": 0.047344111, "housequalityparams_1": 5.0405615, "housequalityparams_2": 1.6835479, "expenditureparams_1": 3.64e-12, "expenditureparams_2": 0.761, "salesdropparam": 0.1535612, "rentupperbound_loc": 5.0405615, "rentupperbound_scale": 1.6835479, "ratespreadparams_owner_t1": 0.0, "ratespreadparams_owner_t6": 1.0, "ratespreadparams_owner_t7": 0.7814019, "ratespreadparams_owner_t8": 0.0083533, "ratespreadparams_owner_t9": 0.0093228, "ratespreadparams_btl_t1": 0.0, "ratespreadparams_btl_t2": 0.0, "ratespreadparams_btl_t6": 1.0, "ratespreadparams_btl_t7": 0.3469543, "ratespreadparams_btl_t8": 0.0084183, "ratespreadparams_btl_t9": 0.0076442, "wealthparams_t1": 0.9, "wealthparams_t2": 0.11989, "wealthparams_t3": 115620.4, "wealthparams_t4": 1.672644, "wealthparams_t5": 1022908.0, "wealthparams_t6": 1520551.0, "wealthparams_t7": 0.29192, "downpaymentparams_1": 0.0, "downpaymentparams_2": 1.0, "downpaymentparams_3": 2.5004254, "downpaymentparams_4": 1.3214542, "avgsoldpriceparams_1": 0.0, "avgsoldpriceparams_2": 60000.0, "rtiparams_1": 0.2326044, "rtiparams_2": 0.0269358, "msaID": -1.0}