{"timestamp": "2018-01-01", "averageSaleRate": 17.0, "alpha_desiredExpenditure": 4.5, "beta_desiredExpenditure": 0.08, "alpha_expected_HP_Appreciation": 0.5, "tau_annual_CostofRenting": 0.091666667, "beta_logisticParam": 0.00029, "beta_logisticParam_buy_BTL": 50.0, "alpha_prob_sell": 4.0, "beta_prob_sell": 5.0, "alpha_sell_price": 0.048063918, "beta_sell_price": 0.007318157, "zeta_sell_price": 0.046754984, "alpha_monthly_rental": 0.0, "beta_monthly_rental": 0.0, "zeta_monthly_rental": 0.032258065, "beta_logisticParam_sell_BTL": 50.0, "delta_trendFollowers": 50.0, "delta_sell_BTL": 90.0, "LTV_limit": 0.9, "DTI_limit": 5.6, "bankRate": 0.01, "inflationRate": 0.000583333, "sell_price_shock": 0.1, "CPI": 100.0, "mortgage_interest_rate_spread": 0.02, "nbHouseholds": 28268000.0, "incomeparams_1": NaN, "incomeparams_2": NaN, "rentparams_1": 800.0, "rentparams_2": 223.0086105, "soldpriceparams_1": NaN, "soldpriceparams_2": NaN, "soldpriceparams_3": NaN, "daysonmarketparams_1": 267.7505238, "daysonmarketparams_2": -0.80312832, "daysonmarketparams_3": -18.2718938, "daysonmarketparams_4": 22.26104011, "housepriceupperbound_intercept": NaN, "housepriceupperbound_slope": NaN, "rentyields_1": NaN, "rentyields_2": NaN, "housequalityparams_1": NaN, "housequalityparams_2": NaN, "expenditureparams_1": NaN, "expenditureparams_2": NaN, "salesdropparam": 0.153561182, "rentupperbound_loc": NaN, "rentupperbound_scale": NaN, "ratespreadparams_owner_t1": 0.0, "ratespreadparams_owner_t6": 1.0, "ratespreadparams_owner_t7": 0.78140192, "ratespreadparams_owner_t8": 0.008353337, "ratespreadparams_owner_t9": 0.009322831, "ratespreadparams_btl_t1": 0.0, "ratespreadparams_btl_t2": 0.0, "ratespreadparams_btl_t6": 1.0, "ratespreadparams_btl_t7": 0.346954274, "ratespreadparams_btl_t8": 0.008418315, "ratespreadparams_btl_t9": 0.007644176, "wealthparams_t1": NaN, "wealthparams_t2": NaN, "wealthparams_t3": NaN, "wealthparams_t4": NaN, "wealthparams_t5": NaN, "wealthparams_t6": NaN, "wealthparams_t7": NaN, "downpaymentparams_1": NaN, "downpaymentparams_2": NaN, "downpaymentparams_3": NaN, "downpaymentparams_4": NaN, "avgsoldpriceparams_1": NaN, "avgsoldpriceparams_2": NaN, "rtiparams_1": NaN, "rtiparams_2": NaN, "msaID": -1.0}