{"timestamp": "2018-01-01", "averageSaleRate": 17.0, "alpha_desiredExpenditure": 4.5, "beta_desiredExpenditure": 0.08, "alpha_expected_HP_Appreciation": 0.5, "tau_annual_CostofRenting": 0.0916667, "beta_logisticParam": 0.00029, "beta_logisticParam_buy_BTL": 50.0, "alpha_prob_sell": 4.0, "beta_prob_sell": 5.0, "alpha_sell_price": 0.048063918, "beta_sell_price": 0.007318157, "zeta_sell_price": 0.046754984, "alpha_monthly_rental": 0.0, "beta_monthly_rental": 0.0, "zeta_monthly_rental": 0.0322581, "beta_logisticParam_sell_BTL": 50.0, "delta_trendFollowers": 50.0, "delta_sell_BTL": 90.0, "LTV_limit": 0.9, "DTI_limit": 5.6, "bankRate": 0.01, "inflationRate": 0.0005833, "sell_price_shock": 0.1, "CPI": 100.0, "mortgage_interest_rate_spread": 0.02, "nbHouseholds": 2934003.0, "incomeparams_1": 10652.159, "incomeparams_2": 19766.297, "rentparams_1": 695.0, "rentparams_2": 113.7799033, "soldpriceparams_1": 30000.0, "soldpriceparams_2": 206659.2, "soldpriceparams_3": 66352.715, "daysonmarketparams_1": 267.75052, "daysonmarketparams_2": -0.8031283, "daysonmarketparams_3": -18.271894, "daysonmarketparams_4": 22.26104, "housepriceupperbound_intercept": 0.0, "housepriceupperbound_slope": 18000.0, "rentyields_1": 0.044408291, "rentyields_2": 0.046489848, "housequalityparams_1": 11.431894, "housequalityparams_2": 3.6677168, "expenditureparams_1": 3.64e-12, "expenditureparams_2": 0.727, "salesdropparam": 0.1535612, "rentupperbound_loc": 11.431894, "rentupperbound_scale": 3.6677168, "ratespreadparams_owner_t1": 0.0, "ratespreadparams_owner_t6": 1.0, "ratespreadparams_owner_t7": 0.7814019, "ratespreadparams_owner_t8": 0.0083533, "ratespreadparams_owner_t9": 0.0093228, "ratespreadparams_btl_t1": 0.0, "ratespreadparams_btl_t2": 0.0, "ratespreadparams_btl_t6": 1.0, "ratespreadparams_btl_t7": 0.3469543, "ratespreadparams_btl_t8": 0.0084183, "ratespreadparams_btl_t9": 0.0076442, "wealthparams_t1": 0.9, "wealthparams_t2": 0.03838, "wealthparams_t3": 128047.2, "wealthparams_t4": 1.675085, "wealthparams_t5": 1137215.0, "wealthparams_t6": 1688049.0, "wealthparams_t7": 0.291569, "downpaymentparams_1": 0.0, "downpaymentparams_2": 1.0, "downpaymentparams_3": 2.2819785, "downpaymentparams_4": 1.331342, "avgsoldpriceparams_1": 0.0, "avgsoldpriceparams_2": 18000.0, "rtiparams_1": 0.2059282, "rtiparams_2": 0.0312283, "msaID": -1.0}